WEEK,LOCATION,SPECIES,PLANT_HEIGHT,PHENOLOGY,EGG_STATE
1,AB,INC,114,FLOW_DEV,N
1,AB,INC,105,FLOW_DEV,N
1,AB,INC,130,FLOW_DEV,N
1,AB,INC,109,VEG,N
1,AB,INC,126,VEG,N
1,AB,SYR,111,FLOW_DEV,N
1,AB,SYR,96,FLOW_DEV,N
1,AB,SYR,133,FLOW_DEV,N
1,AB,SYR,153,FLOWERING ,N
1,AB,SYR,140,FLOWERING ,N
1,AB,TUB,36,FLOWERING ,N
1,AB,TUB,78,FLOW_DEV,N
1,AB,TUB,39,FLOW_DEV,N
1,AB,TUB,76,FLOW_DEV,N
1,AB,TUB,59,FLOW_DEV,N
1,AN,INC,80,FLOW_DEV,N
1,AN,INC,43,VEG,N
1,AN,INC,58,VEG,N
1,AN,INC,53,VEG,N
1,AN,INC,48,FLOW_DEV,N
1,AN,SYR,91,FLOWERING,N
1,AN,SYR,41,VEG,N
1,AN,SYR,88,FLOW_DEV,N
1,AN,SYR,42,VEG,N
1,AN,SYR,77,FLOWERING,N
1,AN,TUB,42,FLOWERING,N
1,AN,TUB,48,FLOWERING,N
1,AN,TUB,52,FLOWERING,N
1,AN,TUB,46,FLOWERING,N
1,AN,TUB,41,FLOWERING,N
1,AW,INC,50,VEG,N
1,AW,INC,40,VEG,N
1,AW,INC,27,VEG,N
1,AW,INC,51,VEG,N
1,AW,INC,71,VEG,N
1,AW,SYR,65,VEG,N
1,AW,SYR,82,FLOW_DEV,N
1,AW,SYR,120,FLOW_DEV,N
1,AW,SYR,106,FLOW_DEV,N
1,AW,SYR,85,FLOWERING ,N
1,AW,TUB,39,FLOWERING ,N
1,AW,TUB,29,FLOWERING ,N
1,AW,TUB,40,FLOWERING ,N
1,AW,TUB,36,FLOW_DEV,N
1,AW,TUB,22,VEG,N
1,EB,INC,65,VEG,N
1,EB,SYR,56,VEG,N
1,EB,SYR,34,VEG,N
1,EB,SYR,54,VEG,N
1,EB,SYR,61,VEG,N
1,EB,SYR,74,VEG,N
1,EB,TUB,39,FLOW_DEV,N
1,EB,TUB,56,FLOW_DEV,N
1,EB,TUB,41,FLOW_DEV,N
1,EB,TUB,37,FLOW_DEV,N
1,EB,TUB,37,FLOWERING ,N
1,HS,INC,42,VEG,N
1,HS,SYR,122,FLOWERING,N
1,HS,SYR,146,FLOWERING,N
1,HS,SYR,133,FLOWERING,I
1,HS,SYR,85,FLOW_DEV,N
1,HS,SYR,123,FLOWERING,N
1,HS,TUB,30,FLOW_DEV,N
1,HS,TUB,17,VEG,N
1,HS,TUB,35,FLOWERING,N
1,HS,TUB,36,FLOWERING,N
1,HS,TUB,35,FLOWERING,N
1,JY,INC,92,FLOWERING,N
1,JY,INC,77,VEG,N
1,JY,INC,115,FLOWERING,N
1,JY,INC,112,FLOWERING,N
1,JY,INC,90,FLOW_DEV,N
1,JY,SYR,122,FLOWERING,N
1,JY,SYR,120,FLOWERING,N
1,JY,SYR,119,FLOWERING,N
1,JY,SYR,135,FLOW_DEV,I
1,JY,SYR,114,FLOWERING,N
1,JY,TUB,28,FLOWERING,N
1,JY,TUB,36,FLOWERING,N
1,JY,TUB,40,FLOWERING,N
1,JY,TUB,48,FLOW_DEV,N
1,JY,TUB,35,FLOWERING,N
1,LP,INC,88,FLOW_DEV,N
1,LP,INC,89,FLOW_DEV,N
1,LP,INC,77,FLOW_DEV,N
1,LP,INC,89,FLOW_DEV,N
1,LP,INC,84,FLOW_DEV,N
1,LP,SYR,31,VEG,N
1,LP,SYR,40,VEG,N
1,LP,SYR,78,VEG,N
1,LP,SYR,98,FLOWERING,N
1,LP,SYR,82,FLOW_DEV,N
1,LP,TUB,9,VEG,N
1,SH,INC,17,VEG,N
1,SH,INC,18,VEG,N
1,SH,INC,34,VEG,N
1,SH,INC,20,VEG,N
1,SH,INC,25,VEG,N
1,SH,SYR,25,VEG,N
1,SH,SYR,12,VEG,N
1,SH,SYR,15,VEG,N
1,SH,SYR,13,VEG,N
1,SH,SYR,17,VEG,N
1,SH,TUB,11,VEG,N
1,SH,TUB,11,VEG,N
1,SH,TUB,21,VEG,N
1,SH,TUB,11,VEG,N
1,SH,TUB,18,VEG,N
1,ST,INC,81,VEG,N
1,ST,INC,58,VEG,N
1,ST,INC,48,VEG,N
1,ST,INC,50,VEG,N
1,ST,INC,40,VEG,N
1,ST,SYR,136,FLOW_DEV,N
1,ST,SYR,116,FLOW_DEV,N
1,ST,SYR,80,FLOW_DEV,N
1,ST,SYR,120,FLOW_DEV,N
1,ST,SYR,123,FLOWERING,N
1,ST,TUB,27,VEG,N
1,ST,TUB,28,VEG,N
1,ST,TUB,47,VEG,N
1,ST,TUB,49,VEG,N
1,ST,TUB,50,FLOW_DEV,N
2,AB,INC,151,FLOW_DEV,N
2,AB,INC,120,FLOW_DEV,N
2,AB,INC,83,VEG,N
2,AB,INC,136,VEG,N
2,AB,INC,125,VEG,N
2,AB,SYR,70,FLOWERING,N
2,AB,SYR,100,FLOWERING,N
2,AB,SYR,111,FLOWERING,N
2,AB,SYR,113,FLOWERING,N
2,AB,SYR,152,FLOWERING,N
2,AB,TUB,37,FLOWERING,N
2,AB,TUB,55,FLOWERING,N
2,AB,TUB,61,FLOWERING,N
2,AB,TUB,59,FLOWERING,N
2,AB,TUB,61,FLOWERING,N
2,AN,INC,60,FLOW_DEV,N
2,AN,INC,72,FLOW_DEV,N
2,AN,INC,52,VEG,N
2,AN,INC,68,FLOW_DEV,N
2,AN,INC,51,VEG,N
2,AN,SYR,98,FLOW_DEV,N
2,AN,SYR,59,FLOW_DEV,N
2,AN,SYR,73,FLOW_DEV,N
2,AN,SYR,51,FLOW_DEV,N
2,AN,SYR,93,FLOW_DEV,N
2,AN,TUB,68,FLOW_DEV,N
2,AN,TUB,70,FLOW_DEV,N
2,AN,TUB,68,FLOW_DEV,N
2,AN,TUB,35,FLOWERING,N
2,AN,TUB,42,FLOWERING,N
2,AW,INC,54,VEG,N
2,AW,INC,51,VEG,N
2,AW,INC,35,VEG,N
2,AW,INC,29,VEG,N
2,AW,INC,71,VEG,N
2,AW,SYR,108,FLOWERING,N
2,AW,SYR,80,FLOWERING,N
2,AW,SYR,50,FLOW_DEV,N
2,AW,SYR,85,FLOW_DEV,N
2,AW,SYR,105,FLOW_DEV,N
2,AW,TUB,37,FLOWERING,N
2,AW,TUB,32,FLOWERING,N
2,AW,TUB,34,FLOWERING,N
2,AW,TUB,44,FLOWERING,N
2,AW,TUB,40,FLOWERING,N
2,EB,INC,78,FLOW_DEV,N
2,EB,INC,73,VEG,N
2,EB,SYR,20,VEG,N
2,EB,SYR,19,VEG,N
2,EB,SYR,35,VEG,N
2,EB,SYR,15,VEG,N
2,EB,SYR,60,VEG,N
2,EB,TUB,56,FLOWERING,N
2,EB,TUB,26,FLOW_DEV,N
2,EB,TUB,37,FLOWERING,N
2,EB,TUB,36,FLOWERING,N
2,EB,TUB,41,FLOWERING,N
2,HS,INC,44,VEG,N
2,HS,SYR,138,FLOWERING,N
2,HS,SYR,85,FLOWERING,N
2,HS,SYR,88,FLOWERING,N
2,HS,SYR,91,FLOW_DEV,N
2,HS,SYR,53,FLOWERING,N
2,HS,TUB,24,FLOWERING,N
2,HS,TUB,35,FLOWERING,N
2,HS,TUB,32,FLOWERING,N
2,HS,TUB,31,FLOWERING,N
2,HS,TUB,50,FLOWERING,N
2,JY,INC,92,FLOW_DEV,N
2,JY,INC,106,FLOW_DEV,I
2,JY,INC,109,FLOWERING,N
2,JY,INC,120,FLOWERING,N
2,JY,INC,107,FLOWERING,N
2,JY,SYR,122,FRUIT_DEV,N
2,JY,SYR,145,FLOWERING,N
2,JY,SYR,145,FLOWERING,N
2,JY,SYR,139,FLOWERING,N
2,JY,SYR,130,FLOW_DEV,N
2,JY,TUB,37,FLOWERING,N
2,JY,TUB,38,FLOWERING,N
2,JY,TUB,25,FLOWERING,N
2,JY,TUB,28,FLOWERING,N
2,JY,TUB,30,FLOWERING,N
2,LP,INC,96,FLOWERING,N
2,LP,INC,78,FLOWERING,N
2,LP,INC,81,FLOW_DEV,N
2,LP,INC,91,FLOWERING,N
2,LP,INC,98,FLOWERING,N
2,LP,SYR,56,VEG,N
2,LP,SYR,65,VEG,I
2,LP,SYR,82,FLOWERING,N
2,LP,SYR,85,FLOWERING,N
2,LP,SYR,77,VEG,N
2,LP,TUB,NA,VEG,N
2,SH,INC,27,VEG,N
2,SH,INC,26,VEG,P
2,SH,INC,30,VEG,I
2,SH,INC,36,VEG,N
2,SH,INC,36,VEG,N
2,SH,SYR,9,VEG,N
2,SH,SYR,20,VEG,N
2,SH,SYR,14,VEG,N
2,SH,SYR,11,VEG,N
2,SH,SYR,27,VEG,N
2,SH,TUB,18,VEG,N
2,SH,TUB,22,VEG,N
2,SH,TUB,13,VEG,S
2,SH,TUB,20,VEG,P
2,SH,TUB,23,VEG,N
2,ST,INC,100,FLOWERING,N
2,ST,INC,120,FLOWERING,N
2,ST,INC,110,FLOWERING,N
2,ST,INC,89,VEG,N
2,ST,INC,59,VEG,N
2,ST,SYR,110,FLOWERING,N
2,ST,SYR,79,FLOW_DEV,N
2,ST,SYR,103,FLOW_DEV,N
2,ST,SYR,81,FLOW_DEV,N
2,ST,SYR,139,FLOW_DEV,P
2,ST,TUB,43,FLOW_DEV,N
2,ST,TUB,49,FLOW_DEV,N
2,ST,TUB,28,VEG,N
2,ST,TUB,29,VEG,N
2,ST,TUB,41,VEG,N
2,WE,SYR,80,VEG,N
2,WE,SYR,85,FLOWERING,N
2,WE,SYR,138,FLOWERING,N
2,WE,SYR,117,VEG,N
2,WE,SYR,155,FLOWERING,N
2,WE,TUB,64,FLOWERING,N
2,WE,TUB,53,FLOWERING,N
2,WE,TUB,43,FLOWERING,N
2,WE,TUB,58,FLOWERING,N
2,WE,TUB,70,FLOWERING,N
3,AB,INC,171,FLOWERING,N
3,AB,INC,132,FLOW_DEV,N
3,AB,INC,142,FLOWERING,N
3,AB,INC,171,FLOW_DEV,N
3,AB,INC,139,FLOWERING,N
3,AB,SYR,156,FLOWERING,N
3,AB,SYR,124,FLOWERING,N
3,AB,SYR,138,FLOWERING,N
3,AB,SYR,158,FLOWERING,N
3,AB,SYR,112,VEG,N
3,AB,TUB,49,FLOWERING,N
3,AB,TUB,38,FLOWERING,N
3,AB,TUB,52,FLOWERING,N
3,AB,TUB,79,FLOWERING,N
3,AB,TUB,49,FLOWERING,N
3,AN,INC,64,FLOW_DEV,N
3,AN,INC,95,FLOW_DEV,N
3,AN,INC,55,FLOW_DEV,N
3,AN,INC,51,FLOW_DEV,N
3,AN,INC,76,FLOW_DEV,N
3,AN,SYR,102,FLOWERING,N
3,AN,SYR,54,FLOW_DEV,N
3,AN,SYR,57,FLOW_DEV,N
3,AN,SYR,62,FLOW_DEV,N
3,AN,SYR,93,FLOWERING,N
3,AN,TUB,51,POST_FLOW,N
3,AN,TUB,50,POST_FLOW,N
3,AN,TUB,39,POST_FLOW,N
3,AN,TUB,44,POST_FLOW,N
3,AN,TUB,50,POST_FLOW,N
3,AW,INC,49,VEG,N
3,AW,INC,65,VEG,N
3,AW,INC,36,VEG,N
3,AW,INC,67,VEG,N
3,AW,INC,86,FLOW_DEV,N
3,AW,SYR,95,FLOWERING,N
3,AW,SYR,51,FLOW_DEV,N
3,AW,SYR,58,VEG,N
3,AW,SYR,96,VEG,N
3,AW,SYR,61,VEG,N
3,AW,TUB,39,FLOWERING,N
3,AW,TUB,42,FLOWERING,N
3,AW,TUB,37,FLOWERING,N
3,AW,TUB,30,FLOWERING,N
3,AW,TUB,36,FLOW_DEV,N
3,EB,INC,81,VEG,S
3,EB,INC,89,FLOW_DEV,N
3,EB,SYR,57,VEG,I
3,EB,SYR,63,VEG,N
3,EB,SYR,90,VEG,N
3,EB,SYR,11,VEG,I
3,EB,SYR,37,VEG,I
3,EB,TUB,37,FLOWERING,N
3,EB,TUB,51,FLOWERING,N
3,EB,TUB,52,FLOWERING,I
3,EB,TUB,48,FLOWERING,N
3,EB,TUB,36,FLOW_DEV,I
3,HS,INC,50,FLOW_DEV,N
3,HS,SYR,132,FLOWERING,N
3,HS,SYR,102,FLOWERING,N
3,HS,SYR,101,FLOWERING,N
3,HS,SYR,107,FLOWERING,N
3,HS,SYR,62,FLOWERING,N
3,HS,TUB,32,FLOWERING,N
3,HS,TUB,10,VEG,N
3,HS,TUB,24,FLOWERING,N
3,HS,TUB,40,FLOWERING,N
3,HS,TUB,29,FLOWERING,N
3,JY,INC,99,FLOW_DEV,N
3,JY,INC,114,FLOWERING,N
3,JY,INC,91,FLOW_DEV,I
3,JY,INC,122,FLOWERING,N
3,JY,INC,110,FLOWERING,N
3,JY,SYR,156,FLOWERING,N
3,JY,SYR,115,FRUIT_DEV,N
3,JY,SYR,143,FRUIT_DEV,N
3,JY,SYR,151,FLOWERING,N
3,JY,SYR,86,FLOWERING,P
3,JY,TUB,63,FLOWERING,N
3,JY,TUB,64,FLOWERING,N
3,JY,TUB,62,FLOWERING,N
3,JY,TUB,54,VEG,N
3,JY,TUB,49,FLOWERING,N
3,LP,INC,97,FLOWERING,N
3,LP,INC,98,FLOWERING,I
3,LP,INC,94,FLOWERING,N
3,LP,INC,82,FLOWERING,I
3,LP,INC,96,FLOWERING,S
3,LP,SYR,31,VEG,I
3,LP,SYR,55,VEG,I
3,LP,SYR,61,VEG,I
3,LP,SYR,66,FLOW_DEV,N
3,LP,SYR,87,FLOWERING,N
3,LP,TUB,15,VEG,P
3,SH,INC,45,FLOW_DEV,I
3,SH,INC,45,VEGETATVE,I
3,SH,INC,36,VEG,N
3,SH,INC,35,VEG,I
3,SH,INC,23,VEG,I
3,SH,SYR,22,FLOW_DEV,N
3,SH,SYR,9,VEG,N
3,SH,SYR,10,VEG,N
3,SH,SYR,21,VEG,I
3,SH,SYR,9,VEG,P
3,SH,TUB,11,VEG,P
3,SH,TUB,25,VEG,S
3,SH,TUB,21,VEG,N
3,SH,TUB,19,VEG,P
3,SH,TUB,11,VEG,N
3,ST,INC,99,FLOW_DEV,I
3,ST,INC,121,FLOW_DEV,N
3,ST,INC,99,FLOWERING,N
3,ST,INC,55,VEG,N
3,ST,INC,95,VEG,N
3,ST,SYR,154,FLOW_DEV,N
3,ST,SYR,150,FLOWERING,N
3,ST,SYR,143,FLOWERING,N
3,ST,SYR,128,FLOWERING,N
3,ST,SYR,137,FLOW_DEV,N
3,ST,TUB,51,FLOWERING,N
3,ST,TUB,49,FLOWERING,N
3,ST,TUB,42,POST_FLOW,N
3,ST,TUB,28,VEG,N
3,ST,TUB,44,VEG,N
3,WE,SYR,57,VEG,N
3,WE,SYR,80,VEG,N
3,WE,SYR,87,FLOWERING,N
3,WE,SYR,104,VEG,N
3,WE,SYR,120,VEG,N
3,WE,TUB,70,FRUIT_DEV,N
3,WE,TUB,48,FLOWERING,N
3,WE,TUB,65,FRUIT_DEV,N
3,WE,TUB,53,FLOWERING,N
3,WE,TUB,55,FLOWERING,N
4,AB,INC,157,FLOW_DEV,N
4,AB,INC,128,FLOW_DEV,N
4,AB,INC,151,FLOW_DEV,N
4,AB,INC,132,FLOW_DEV,N
4,AB,INC,128,FLOW_DEV,N
4,AB,SYR,180,FRUIT_DEV,N
4,AB,SYR,173,FRUIT_DEV,I
4,AB,SYR,140,FRUIT_DEV,N
4,AB,SYR,147,FRUIT_DEV,I
4,AB,SYR,124,VEG,I
4,AB,TUB,39,POST_FLOW,N
4,AB,TUB,41,POST_FLOW,N
4,AB,TUB,34,POST_FLOW,N
4,AB,TUB,45,FRUIT_DEV,N
4,AB,TUB,68,FLOWERING,N
4,AN,INC,75,FLOWERING,N
4,AN,INC,65,FLOW_DEV,N
4,AN,INC,90,FLOW_DEV,N
4,AN,INC,41,VEG,N
4,AN,INC,60,FLOW_DEV,N
4,AN,SYR,64,POST_FLOW,N
4,AN,SYR,72,FLOWERING,N
4,AN,SYR,69,FLOW_DEV,N
4,AN,SYR,98,POST_FLOW,N
4,AN,SYR,63,FLOW_DEV,N
4,AN,TUB,70,FLOWERING,N
4,AN,TUB,66,POST_FLOW,N
4,AN,TUB,53,FRUIT_DEV,N
4,AN,TUB,51,FRUIT_DEV,N
4,AN,TUB,40,FRUIT_DEV,N
4,AW,INC,85,FLOW_DEV,N
4,AW,INC,86,VEG,N
4,AW,INC,67,VEG,N
4,AW,INC,107,FLOW_DEV,N
4,AW,INC,49,VEG,N
4,AW,SYR,114,FRUIT_DEV,N
4,AW,SYR,77,VEG,N
4,AW,SYR,131,FRUIT_DEV,N
4,AW,SYR,84,FRUIT_DEV,I
4,AW,SYR,144,FRUIT_DEV,I
4,AW,TUB,43,POST_FLOW,N
4,AW,TUB,36,POST_FLOW,N
4,AW,TUB,41,POST_FLOW,N
4,AW,TUB,13,VEG,N
4,AW,TUB,19,FLOW_DEV,N
4,EB,INC,NA,FLOW_DEV,N
4,EB,INC,101,FLOW_DEV,N
4,EB,SYR,60,VEG,N
4,EB,SYR,71,VEG,N
4,EB,SYR,98,VEG,N
4,EB,SYR,74,VEG,N
4,EB,SYR,36,VEG,N
4,EB,TUB,42,POST_FLOW,S
4,EB,TUB,40,FRUIT_DEV,N
4,EB,TUB,42,POST_FLOW,N
4,EB,TUB,42,POST_FLOW,N
4,EB,TUB,44,FLOWERING,N
4,HS,INC,51,FLOW_DEV,N
4,HS,SYR,153,FRUIT_DEV,N
4,HS,SYR,133,FRUIT_DEV,S
4,HS,SYR,114,FRUIT_DEV,N
4,HS,SYR,107,FRUIT_DEV,N
4,HS,SYR,109,FRUIT_DEV,N
4,HS,TUB,37,FRUIT_DEV,N
4,HS,TUB,49,POST_FLOW,N
4,HS,TUB,34,FLOWERING,N
4,HS,TUB,33,FLOWERING,N
4,HS,TUB,26,FLOWERING,N
4,JY,INC,117,FRUIT_DEV,N
4,JY,INC,117,FRUIT_DEV,I
4,JY,INC,93,VEG,I
4,JY,INC,101,FLOWERING,S
4,JY,INC,68,VEG,I
4,JY,SYR,130,FRUIT_DEV,N
4,JY,SYR,149,FRUIT_DEV,N
4,JY,SYR,155,FRUIT_DEV,I
4,JY,SYR,120,FRUIT_DEV,N
4,JY,SYR,76,VEG,N
4,JY,TUB,46,FLOWERING,N
4,JY,TUB,47,FLOWERING,N
4,JY,TUB,31,POST_FLOW,N
4,JY,TUB,28,FLOWERING,P
4,JY,TUB,72,FLOWERING,P
4,LP,INC,80,POST_FLOW,S
4,LP,INC,95,FLOWERING,I
4,LP,INC,99,POST_FLOW,P
4,LP,INC,96,POST_FLOW,P
4,LP,INC,89,POST_FLOW,S
4,LP,SYR,65,VEG,I
4,LP,SYR,86,FLOWERING,I
4,LP,SYR,31,VEG,N
4,LP,SYR,60,VEG,N
4,LP,SYR,63,VEG,I
4,LP,TUB,17,VEG,P
4,SH,INC,31,VEG,N
4,SH,INC,57,FLOW_DEV,I
4,SH,INC,56,VEG,N
4,SH,INC,38,VEG,N
4,SH,INC,54,VEG,N
4,SH,SYR,20,VEG,N
4,SH,SYR,21,VEG,N
4,SH,SYR,32,VEG,I
4,SH,SYR,51,VEG,N
4,SH,SYR,42,VEG,P
4,SH,TUB,27,VEG,N
4,SH,TUB,NA,FLOW_DEV,N
4,SH,TUB,28,FLOW_DEV,N
4,SH,TUB,21,VEG,N
4,SH,TUB,23,VEG,N
4,ST,INC,142,FLOWERING,N
4,ST,INC,106,FLOW_DEV,N
4,ST,INC,120,POST_FLOW,N
4,ST,INC,99,FLOW_DEV,N
4,ST,INC,119,FRUIT_DEV,N
4,ST,SYR,145,POST_FLOW,N
4,ST,SYR,116,FLOW_DEV,N
4,ST,SYR,131,POST_FLOW,N
4,ST,SYR,96,POST_FLOW,N
4,ST,SYR,97,VEG,I
4,ST,TUB,46,VEG,N
4,ST,TUB,45,POST_FLOW,N
4,ST,TUB,53,VEG,N
4,ST,TUB,50,VEG,N
4,ST,TUB,37,VEG,N
4,WE,SYR,61,VEG,N
4,WE,SYR,82,VEG,N
4,WE,SYR,162,FRUIT_DEV,N
4,WE,SYR,121,VEG,N
4,WE,SYR,140,FRUIT_DEV,I
4,WE,TUB,76,POST_FLOW,N
4,WE,TUB,47,FRUIT_DEV,N
4,WE,TUB,75,FRUIT_DEV,N
4,WE,TUB,54,FRUIT_DEV,N
4,WE,TUB,70,FRUIT_DEV,N
5,AB,INC,160,POST_FLOW,N
5,AB,INC,120,POST_FLOW,N
5,AB,INC,147,FRUIT_DEV,N
5,AB,INC,135,POST_FLOW,N
5,AB,INC,91,VEG,N
5,AB,SYR,171,FRUIT_DEV,N
5,AB,SYR,132,VEG,I
5,AB,SYR,127,FRUIT_DEV,I
5,AB,SYR,178,POST_FLOW,N
5,AB,SYR,182,FRUIT_DEV,I
5,AB,TUB,61,POST_FLOW,N
5,AB,TUB,80,POST_FLOW,N
5,AB,TUB,60,FRUIT_DEV,N
5,AB,TUB,33,FRUIT_DEV,N
5,AB,TUB,59,FRUIT_DEV,N
5,AN,INC,74,FLOW_DEV,N
5,AN,INC,78,FLOWERING,N
5,AN,INC,65,FLOW_DEV,N
5,AN,INC,73,FLOWERING,N
5,AN,INC,75,FLOWERING,I
5,AN,SYR,115,FRUIT_DEV,N
5,AN,SYR,68,FRUIT_DEV,N
5,AN,SYR,93,FRUIT_DEV,N
5,AN,SYR,116,FRUIT_DEV,N
5,AN,SYR,NA,FRUIT_DEV,N
5,AN,TUB,48,FRUIT_DEV,N
5,AN,TUB,42,VEG,N
5,AN,TUB,44,POST_FLOW,N
5,AN,TUB,56,FRUIT_DEV,N
5,AN,TUB,37,FRUIT_DEV,N
5,AW,INC,105,FLOW_DEV,I
5,AW,INC,105,FLOW_DEV,N
5,AW,INC,101,FLOW_DEV,N
5,AW,INC,112,FLOWERING,I
5,AW,INC,60,VEG,N
5,AW,SYR,132,FRUIT_DEV,I
5,AW,SYR,137,FRUIT_DEV,N
5,AW,SYR,132,FRUIT_DEV,I
5,AW,SYR,75,FLOW_DEV,I
5,AW,SYR,95,POST_FLOW,I
5,AW,TUB,38,POST_FLOW,N
5,AW,TUB,32,FLOWERING,N
5,AW,TUB,16,VEG,N
5,AW,TUB,40,POST_FLOW,N
5,AW,TUB,43,FRUIT_DEV,N
5,EB,INC,102,FLOW_DEV,S
5,EB,INC,109,FLOWERING,N
5,EB,SYR,74,VEG,I
5,EB,SYR,38,VEG,S
5,EB,SYR,45,VEG,N
5,EB,SYR,64,VEG,N
5,EB,SYR,71,VEG,N
5,EB,TUB,38,POST_FLOW,N
5,EB,TUB,30,FLOWERING,N
5,EB,TUB,44,POST_FLOW,N
5,EB,TUB,40,FLOWERING,P
5,EB,TUB,39,FLOWERING,N
5,HS,INC,55,VEG,N
5,HS,SYR,154,FRUIT_DEV,P
5,HS,SYR,143,FRUIT_DEV,P
5,HS,SYR,159,FRUIT_DEV,P
5,HS,SYR,123,FRUIT_DEV,N
5,HS,SYR,114,FRUIT_DEV,N
5,HS,TUB,35,POST_FLOW,N
5,HS,TUB,22,FLOW_DEV,N
5,HS,TUB,37,FRUIT_DEV,N
5,HS,TUB,31,FLOWERING,N
5,HS,TUB,34,FLOWERING,N
5,JY,INC,74,FRUIT_DEV,N
5,JY,INC,97,POST_FLOW,N
5,JY,INC,123,FRUIT_DEV,N
5,JY,INC,115,FRUIT_DEV,P
5,JY,INC,114,FRUIT_DEV,I
5,JY,SYR,148,FRUIT_DEV,N
5,JY,SYR,164,FRUIT_DEV,N
5,JY,SYR,121,FRUIT_DEV,N
5,JY,SYR,155,FRUIT_DEV,I
5,JY,SYR,154,FRUIT_DEV,N
5,JY,TUB,73,POST_FLOW,N
5,JY,TUB,68,POST_FLOW,N
5,JY,TUB,51,VEG,N
5,JY,TUB,68,FRUIT_DEV,N
5,JY,TUB,32,POST_FLOW,N
5,LP,INC,96,POST_FLOW,I
5,LP,INC,84,FRUIT_DEV,I
5,LP,INC,89,FRUIT_DEV,I
5,LP,INC,94,POST_FLOW,P
5,LP,INC,89,POST_FLOW,I
5,LP,SYR,86,FLOWERING,I
5,LP,SYR,70,POST_FLOW,I
5,LP,SYR,87,FLOWERING,N
5,LP,SYR,65,VEG,I
5,LP,SYR,70,VEG,P
5,LP,TUB,21,VEG,I
5,SH,INC,35,FLOW_DEV,N
5,SH,INC,63,FLOW_DEV,N
5,SH,INC,47,VEG,N
5,SH,INC,43,VEG,I
5,SH,INC,37,VEG,I
5,SH,SYR,25,VEG,P
5,SH,SYR,29,VEG,N
5,SH,SYR,35,VEG,I
5,SH,SYR,34,VEG,I
5,SH,SYR,15,VEG,N
5,SH,TUB,31,VEG,N
5,SH,TUB,13,VEG,N
5,SH,TUB,16,VEG,N
5,SH,TUB,30,VEG,N
5,SH,TUB,28,VEG,N
5,ST,INC,135,FLOW_DEV,N
5,ST,INC,109,FLOW_DEV,N
5,ST,INC,103,VEG,N
5,ST,INC,110,FLOWERING,N
5,ST,INC,136,POST_FLOW,N
5,ST,SYR,110,FLOWERING,N
5,ST,SYR,161,POST_FLOW,N
5,ST,SYR,121,VEG,N
5,ST,SYR,115,POST_FLOW,N
5,ST,SYR,143,POST_FLOW,N
5,ST,TUB,48,FLOW_DEV,N
5,ST,TUB,48,FLOW_DEV,N
5,ST,TUB,50,POST_FLOW,N
5,ST,TUB,47,FLOW_DEV,N
5,ST,TUB,42,FLOW_DEV,N
5,WE,SYR,88,FRUIT_DEV,I
5,WE,SYR,159,FRUIT_DEV,I
5,WE,SYR,138,VEG,N
5,WE,SYR,119,VEG,N
5,WE,SYR,94,FRUIT_DEV,I
5,WE,TUB,62,FRUIT_DEV,N
5,WE,TUB,61,FRUIT_DEV,N
5,WE,TUB,71,POST_FLOW,N
5,WE,TUB,60,FRUIT_DEV,N
5,WE,TUB,68,FRUIT_DEV,N
6,AB,INC,128,POST_FLOW,I
6,AB,INC,160,FRUIT_DEV,I
6,AB,INC,143,POST_FLOW,N
6,AB,INC,92,VEG,I
6,AB,INC,139,FLOW_DEV,N
6,AB,SYR,134,FRUIT_DEV,N
6,AB,SYR,150,FRUIT_DEV,N
6,AB,SYR,75,FRUIT_DEV,N
6,AB,SYR,127,FRUIT_DEV,N
6,AB,SYR,109,FRUIT_DEV,N
6,AB,TUB,58,FRUIT_DEV,N
6,AB,TUB,65,POST_FLOW,N
6,AB,TUB,58,FRUIT_DEV,I
6,AB,TUB,58,FRUIT_DEV,N
6,AB,TUB,55,FRUIT_DEV,N
6,AN,INC,78,FRUIT_DEV,N
6,AN,INC,78,FLOWERING,N
6,AN,INC,59,VEG,N
6,AN,INC,80,FRUIT_DEV,N
6,AN,INC,63,VEG,N
6,AN,SYR,110,POST_FLOW,N
6,AN,SYR,116,FRUIT_DEV,N
6,AN,SYR,70,VEG,N
6,AN,SYR,28,VEG,N
6,AN,SYR,38,VEG,N
6,AN,TUB,52,FRUIT_DEV,N
6,AN,TUB,39,FRUIT_DEV,N
6,AN,TUB,51,POST_FLOW,N
6,AN,TUB,51,FRUIT_DEV,N
6,AN,TUB,44,VEG,N
6,AW,INC,115,FLOW_DEV,I
6,AW,INC,110,FLOW_DEV,I
6,AW,INC,99,FLOW_DEV,I
6,AW,INC,116,POST_FLOW,I
6,AW,INC,72,VEG,N
6,AW,SYR,143,FRUIT_DEV,I
6,AW,SYR,116,FRUIT_DEV,I
6,AW,SYR,84,FRUIT_DEV,I
6,AW,SYR,79,VEG,N
6,AW,SYR,80,FRUIT_DEV,I
6,AW,TUB,25,VEG,N
6,AW,TUB,25,VEG,N
6,AW,TUB,33,POST_FLOW,N
6,AW,TUB,40,POST_FLOW,N
6,AW,TUB,36,POST_FLOW,N
6,EB,INC,111,FLOWERING,I
6,EB,INC,106,FLOWERING,I
6,EB,SYR,31,VEG,I
6,EB,SYR,79,VEG,I
6,EB,SYR,37,VEG,I
6,EB,SYR,48,VEG,P
6,EB,SYR,24,VEG,I
6,EB,TUB,42,POST_FLOW,N
6,EB,TUB,57,FRUIT_DEV,I
6,EB,TUB,39,FRUIT_DEV,N
6,EB,TUB,38,FLOW_DEV,S
6,EB,TUB,45,FLOW_DEV,N
6,HS,INC,52,VEG,N
6,HS,SYR,150,FRUIT_DEV,I
6,HS,SYR,97,FRUIT_DEV,N
6,HS,SYR,157,FRUIT_DEV,S
6,HS,SYR,119,FRUIT_DEV,N
6,HS,SYR,96,FRUIT_DEV,S
6,HS,TUB,31,FRUIT_DEV,N
6,HS,TUB,21,FLOW_DEV,N
6,HS,TUB,22,POST_FLOW,N
6,HS,TUB,40,FRUIT_DEV,N
6,HS,TUB,21,FLOW_DEV,I
6,JY,INC,114,FRUIT_DEV,I
6,JY,INC,100,VEG,N
6,JY,INC,86,VEG,I
6,JY,INC,97,FRUIT_DEV,I
6,JY,INC,96,FRUIT_DEV,N
6,JY,SYR,162,FRUIT_DEV,P
6,JY,SYR,80,VEG,N
6,JY,SYR,74,VEG,I
6,JY,SYR,189,FRUIT_DEV,I
6,JY,SYR,147,FRUIT_DEV,I
6,JY,TUB,32,POST_FLOW,N
6,JY,TUB,29,POST_FLOW,S
6,JY,TUB,27,POST_FLOW,N
6,JY,TUB,74,POST_FLOW,S
6,JY,TUB,69,FRUIT_DEV,N
6,LP,INC,97,POST_FLOW,I
6,LP,INC,97,POST_FLOW,I
6,LP,INC,99,POST_FLOW,I
6,LP,INC,101,POST_FLOW,I
6,LP,INC,95,POST_FLOW,P
6,LP,SYR,66,VEG,N
6,LP,SYR,34,VEG,N
6,LP,SYR,102,FRUIT_DEV,I
6,LP,SYR,65,VEG,I
6,LP,SYR,NA,VEG,I
6,LP,TUB,25,VEG,I
6,SH,INC,46,VEG,I
6,SH,INC,50,VEG,S
6,SH,INC,67,FLOW_DEV,I
6,SH,INC,57,FLOW_DEV,I
6,SH,INC,79,FLOWERING,S
6,SH,SYR,25,VEG,N
6,SH,SYR,42,VEG,I
6,SH,SYR,58,VEG,I
6,SH,SYR,31,VEG,N
6,SH,SYR,23,VEG,N
6,SH,TUB,30,VEG,N
6,SH,TUB,27,FLOW_DEV,N
6,SH,TUB,31,VEG,N
6,SH,TUB,20,VEG,N
6,SH,TUB,16,VEG,N
6,ST,INC,69,VEG,N
6,ST,INC,74,VEG,N
6,ST,INC,52,VEG,N
6,ST,INC,142,FRUIT_DEV,I
6,ST,INC,110,FRUIT_DEV,N
6,ST,SYR,89,VEG,N
6,ST,SYR,135,POST_FLOW,N
6,ST,SYR,132,FRUIT_DEV,I
6,ST,SYR,111,VEG,I
6,ST,SYR,94,VEG,S
6,ST,TUB,44,FLOW_DEV,N
6,ST,TUB,56,FLOW_DEV,N
6,ST,TUB,53,VEG,N
6,ST,TUB,50,FLOW_DEV,N
6,ST,TUB,50,POST_FLOW,N
6,WE,SYR,16,VEG,I
6,WE,SYR,16,VEG,N
6,WE,SYR,18,VEG,N
6,WE,SYR,147,FRUIT_DEV,N
6,WE,SYR,146,VEG,I
6,WE,TUB,42,POST_FLOW,N
6,WE,TUB,38,POST_FLOW,N
6,WE,TUB,40,FRUIT_DEV,N
6,WE,TUB,57,FLOWERING,N
6,WE,TUB,47,FRUIT_DEV,N
7,AB,INC,137,FRUIT_DEV,N
7,AB,INC,176,FRUIT_DEV,I
7,AB,INC,100,FRUIT_DEV,N
7,AB,INC,164,FRUIT_DEV,I
7,AB,INC,100,FLOW_DEV,I
7,AB,SYR,168,FRUIT_DEV,I
7,AB,SYR,83,FRUIT_DEV,I
7,AB,SYR,50,VEG,I
7,AB,SYR,52,VEG,I
7,AB,SYR,85,FRUIT_DEV,N
7,AB,TUB,76,FRUIT_DEV,N
7,AB,TUB,44,POST_FLOW,I
7,AB,TUB,35,FRUIT_DEV,I
7,AB,TUB,56,FRUIT_DEV,N
7,AB,TUB,61,FRUIT_DEV,N
7,AN,INC,60,VEG,I
7,AN,INC,91,POST_FLOW,N
7,AN,INC,72,FRUIT_DEV,N
7,AN,INC,79,FRUIT_DEV,I
7,AN,INC,75,FRUIT_DEV,N
7,AN,SYR,67,POST_FLOW,N
7,AN,SYR,57,VEG,N
7,AN,SYR,85,POST_FLOW,I
7,AN,SYR,63,FRUIT_DEV,I
7,AN,SYR,50,FRUIT_DEV,N
7,AN,TUB,41,FRUIT_DEV,N
7,AN,TUB,49,FRUIT_DEV,N
7,AN,TUB,43,POST_FLOW,N
7,AN,TUB,50,FRUIT_DEV,N
7,AN,TUB,49,FRUIT_DEV,N
7,AW,INC,89,FLOW_DEV,I
7,AW,INC,120,FLOW_DEV,I
7,AW,INC,80,VEG,N
7,AW,INC,107,FLOW_DEV,I
7,AW,INC,60,VEG,N
7,AW,SYR,70,VEG,I
7,AW,SYR,35,VEG,N
7,AW,SYR,129,FRUIT_DEV,I
7,AW,SYR,43,VEG,N
7,AW,SYR,56,VEG,N
7,AW,TUB,36,POST_FLOW,N
7,AW,TUB,30,VEG,N
7,AW,TUB,39,POST_FLOW,N
7,AW,TUB,25,VEG,N
7,AW,TUB,14,VEG,N
7,EB,INC,110,POST_FLOW,S
7,EB,INC,115,POST_FLOW,I
7,EB,INC,91,FLOW_DEV,I
7,EB,INC,83,VEG,I
7,EB,SYR,82,VEG,I
7,EB,SYR,24,VEG,N
7,EB,SYR,38,VEG,N
7,EB,SYR,72,VEG,S
7,EB,SYR,23,VEG,I
7,EB,TUB,39,FLOWERING,I
7,EB,TUB,41,POST_FLOW,I
7,EB,TUB,39,FRUIT_DEV,N
7,EB,TUB,42,FLOWERING,I
7,EB,TUB,38,FLOWERING,I
7,HS,INC,53,VEG,N
7,HS,SYR,160,FRUIT_DEV,I
7,HS,SYR,144,FRUIT_DEV,N
7,HS,SYR,42,VEG,I
7,HS,SYR,49,VEG,N
7,HS,SYR,55,VEG,I
7,HS,TUB,33,FRUIT_DEV,N
7,HS,TUB,18,FRUIT_DEV,N
7,HS,TUB,34,FRUIT_DEV,N
7,HS,TUB,41,POST_FLOW,S
7,HS,TUB,42,FLOWERING,S
7,JY,INC,126,FRUIT_DEV,I
7,JY,INC,114,FRUIT_DEV,I
7,JY,INC,101,FRUIT_DEV,N
7,JY,INC,77,VEG,I
7,JY,INC,61,VEG,I
7,JY,SYR,135,FRUIT_DEV,S
7,JY,SYR,67,VEG,P
7,JY,SYR,93,FRUIT_DEV,P
7,JY,SYR,126,FRUIT_DEV,S
7,JY,SYR,54,VEG,I
7,JY,TUB,35,VEG,N
7,JY,TUB,66,FRUIT_DEV,N
7,JY,TUB,54,POST_FLOW,N
7,JY,TUB,36,VEG,N
7,JY,TUB,27,POST_FLOW,N
7,LP,INC,88,FLOWERING,S
7,LP,INC,92,POST_FLOW,I
7,LP,INC,100,FLOWERING,I
7,LP,INC,103,POST_FLOW,I
7,LP,INC,96,POST_FLOW,I
7,LP,SYR,78,VEG,I
7,LP,SYR,62,VEG,I
7,LP,SYR,44,VEG,I
7,LP,SYR,22,VEG,I
7,LP,SYR,15,VEG,I
7,LP,TUB,31,VEG,I
7,SH,INC,63,VEG,I
7,SH,INC,87,FLOW_DEV,I
7,SH,INC,78,FLOWERING,I
7,SH,INC,52,FLOW_DEV,N
7,SH,INC,58,FLOW_DEV,I
7,SH,SYR,32,VEG,N
7,SH,SYR,34,VEG,I
7,SH,SYR,38,VEG,N
7,SH,SYR,45,VEG,I
7,SH,SYR,70,VEG,I
7,SH,TUB,42,FLOW_DEV,N
7,SH,TUB,26,FLOW_DEV,N
7,SH,TUB,36,VEG,N
7,SH,TUB,39,VEG,N
7,SH,TUB,27,FLOW_DEV,N
7,ST,INC,110,FRUIT_DEV,I
7,ST,INC,138,FRUIT_DEV,I
7,ST,INC,31,VEG,N
7,ST,INC,64,VEG,N
7,ST,INC,141,FRUIT_DEV,I
7,ST,SYR,46,VEG,N
7,ST,SYR,53,VEG,I
7,ST,SYR,105,VEG,I
7,ST,SYR,106,VEG,N
7,ST,SYR,95,POST_FLOW,N
7,ST,TUB,47,VEG,N
7,ST,TUB,49,FLOW_DEV,N
7,ST,TUB,45,VEG,N
7,ST,TUB,39,VEG,S
7,ST,TUB,50,FLOW_DEV,N
7,WE,SYR,17,VEG,N
7,WE,SYR,22,VEG,I
7,WE,SYR,63,VEG,N
7,WE,SYR,66,VEG,I
7,WE,SYR,95,VEG,N
7,WE,TUB,56,POST_FLOW,N
7,WE,TUB,35,FRUIT_DEV,N
7,WE,TUB,53,VEG,N
7,WE,TUB,57,FRUIT_DEV,N
7,WE,TUB,50,FRUIT_DEV,N
8,AB,INC,110,FRUIT_DEV,I
8,AB,INC,128,FRUIT_DEV,I
8,AB,INC,101,VEG,I
8,AB,INC,47,VEG,I
8,AB,INC,149,FRUIT_DEV,I
8,AB,SYR,53,VEG,N
8,AB,SYR,60,VEG,N
8,AB,SYR,77,FRUIT_DEV,N
8,AB,SYR,47,FRUIT_DEV,N
8,AB,SYR,76,FRUIT_DEV,N
8,AB,TUB,46,FRUIT_DEV,I
8,AB,TUB,51,FRUIT_DEV,N
8,AB,TUB,61,FRUIT_DEV,N
8,AB,TUB,47,FRUIT_DEV,I
8,AB,TUB,36,VEG,N
8,AN,INC,44,VEG,N
8,AN,INC,47,FRUIT_DEV,N
8,AN,INC,65,VEG,N
8,AN,INC,78,FRUIT_DEV,N
8,AN,INC,72,VEG,N
8,AN,SYR,47,VEG,N
8,AN,SYR,26,VEG,I
8,AN,SYR,57,VEG,I
8,AN,SYR,12,VEG,I
8,AN,SYR,20,VEG,N
8,AN,TUB,53,FRUIT_DEV,N
8,AN,TUB,50,FRUIT_DEV,N
8,AN,TUB,51,FRUIT_DEV,N
8,AN,TUB,49,POST_FLOW,N
8,AN,TUB,47,FRUIT_DEV,N
8,AW,INC,129,FLOWERING,I
8,AW,INC,123,FRUIT_DEV,I
8,AW,INC,98,FLOW_DEV,I
8,AW,INC,122,FLOW_DEV,N
8,AW,INC,87,VEG,N
8,AW,SYR,75,VEG,N
8,AW,SYR,47,VEG,N
8,AW,SYR,109,FRUIT_DEV,N
8,AW,SYR,57,VEG,N
8,AW,SYR,68,POST_FLOW,N
8,AW,TUB,40,POST_FLOW,I
8,AW,TUB,36,FLOWERING,N
8,AW,TUB,35,POST_FLOW,N
8,AW,TUB,20,VEG,N
8,AW,TUB,17,VEG,N
8,EB,INC,65,VEG,I
8,EB,INC,116,VEG,S
8,EB,INC,24,VEG,I
8,EB,INC,33,VEG,S
8,EB,INC,23,VEG,N
8,EB,SYR,110,FRUIT_DEV,I
8,EB,SYR,101,FRUIT_DEV,I
8,EB,SYR,98,FLOWERING,I
8,EB,SYR,148,FLOW_DEV,I
8,EB,SYR,27,VEG,I
8,EB,TUB,43,FLOWERING,S
8,EB,TUB,40,FRUIT_DEV,P
8,EB,TUB,36,FRUIT_DEV,P
8,EB,TUB,40,FRUIT_DEV,N
8,EB,TUB,36,FLOW_DEV,I
8,HS,INC,52,VEG,N
8,HS,SYR,98,FRUIT_DEV,N
8,HS,SYR,130,FRUIT_DEV,N
8,HS,SYR,22,VEG,I
8,HS,SYR,160,FRUIT_DEV,I
8,HS,SYR,50,VEG,N
8,HS,TUB,30,FRUIT_DEV,N
8,HS,TUB,33,FRUIT_DEV,N
8,HS,TUB,17,FRUIT_DEV,P
8,HS,TUB,40,FRUIT_DEV,S
8,HS,TUB,30,POST_FLOW,S
8,JY,INC,96,FRUIT_DEV,P
8,JY,INC,68,VEG,P
8,JY,INC,118,FRUIT_DEV,P
8,JY,INC,124,FRUIT_DEV,P
8,JY,INC,108,FRUIT_DEV,N
8,JY,SYR,150,FRUIT_DEV,N
8,JY,SYR,158,FRUIT_DEV,I
8,JY,SYR,39,VEG,I
8,JY,SYR,31,VEG,I
8,JY,SYR,66,VEG,I
8,JY,TUB,58,FLOW_DEV,N
8,JY,TUB,52,FLOW_DEV,N
8,JY,TUB,53,FRUIT_DEV,N
8,JY,TUB,42,FLOWERING,N
8,JY,TUB,31,POST_FLOW,N
8,LP,INC,100,FRUIT_DEV,S
8,LP,INC,107,POST_FLOW,I
8,LP,INC,65,FRUIT_DEV,I
8,LP,INC,103,FRUIT_DEV,I
8,LP,INC,100,FRUIT_DEV,N
8,LP,SYR,36,VEG,I
8,LP,SYR,32,VEG,P
8,LP,SYR,80,VEG,I
8,LP,SYR,65,VEG,I
8,LP,SYR,66,VEG,I
8,LP,TUB,35,VEG,N
8,SH,INC,78,FLOWERING,I
8,SH,INC,61,FLOWERING,I
8,SH,INC,64,FLOW_DEV,I
8,SH,INC,85,FLOWERING,I
8,SH,INC,59,VEG,I
8,SH,SYR,80,VEG,I
8,SH,SYR,29,VEG,I
8,SH,SYR,36,VEG,S
8,SH,SYR,64,VEG,S
8,SH,SYR,36,VEG,N
8,SH,TUB,27,FLOW_DEV,N
8,SH,TUB,53,FLOW_DEV,N
8,SH,TUB,40,FLOW_DEV,N
8,SH,TUB,42,VEG,N
8,SH,TUB,32,VEG,N
8,ST,INC,110,FRUIT_DEV,N
8,ST,INC,130,FRUIT_DEV,N
8,ST,INC,101,POST_FLOW,N
8,ST,INC,112,FRUIT_DEV,N
8,ST,INC,76,VEG,N
8,ST,SYR,69,VEG,N
8,ST,SYR,144,FRUIT_DEV,N
8,ST,SYR,80,VEG,N
8,ST,SYR,114,POST_FLOW,I
8,ST,SYR,108,POST_FLOW,N
8,ST,TUB,63,FLOWERING,N
8,ST,TUB,48,FLOW_DEV,N
8,ST,TUB,53,VEG,N
8,ST,TUB,45,VEG,N
8,ST,TUB,48,FLOW_DEV,N
8,WE,SYR,18,VEG,I
8,WE,SYR,18,VEG,N
8,WE,SYR,68,VEG,N
8,WE,SYR,95,FRUIT_DEV,N
8,WE,SYR,91,VEG,N
8,WE,TUB,51,FRUIT_DEV,I
8,WE,TUB,70,FRUIT_DEV,N
8,WE,TUB,56,FLOWERING,N
8,WE,TUB,56,FLOWERING,N
8,WE,TUB,71,POST_FLOW,N
9,AB,INC,136,FRUIT_DEV,I
9,AB,INC,117,FRUIT_DEV,N
9,AB,INC,158,VEG,I
9,AB,INC,150,FRUIT_DEV,I
9,AB,INC,105,FRUIT_DEV,I
9,AB,SYR,170,FRUIT_DEV,N
9,AB,SYR,167,FRUIT_DEV,N
9,AB,SYR,84,FRUIT_DEV,N
9,AB,SYR,51,FRUIT_DEV,N
9,AB,SYR,125,VEG,N
9,AB,TUB,61,FRUIT_DEV,N
9,AB,TUB,59,FRUIT_DEV,I
9,AB,TUB,58,FRUIT_DEV,N
9,AB,TUB,47,FRUIT_DEV,N
9,AB,TUB,54,FLOWERING,N
9,AN,INC,66,VEG,I
9,AN,INC,75,FRUIT_DEV,I
9,AN,INC,65,FRUIT_DEV,N
9,AN,INC,80,FRUIT_DEV,N
9,AN,INC,62,VEG,I
9,AN,SYR,55,VEG,I
9,AN,SYR,50,VEG,N
9,AN,SYR,99,FRUIT_DEV,N
9,AN,SYR,80,FRUIT_DEV,N
9,AN,SYR,49,VEG,N
9,AN,TUB,47,POST_FLOW,N
9,AN,TUB,39,FRUIT_DEV,N
9,AN,TUB,55,POST_FLOW,N
9,AN,TUB,40,POST_FLOW,N
9,AN,TUB,50,POST_FLOW,N
9,AW,INC,125,FRUIT_DEV,N
9,AW,INC,72,VEG,N
9,AW,INC,116,FRUIT_DEV,I
9,AW,INC,124,FRUIT_DEV,I
9,AW,INC,110,FRUIT_DEV,N
9,AW,SYR,140,FRUIT_DEV,S
9,AW,SYR,150,FRUIT_DEV,N
9,AW,SYR,144,FRUIT_DEV,N
9,AW,SYR,57,VEG,I
9,AW,SYR,64,VEG,N
9,AW,TUB,49,POST_FLOW,N
9,AW,TUB,32,FLOWERING,N
9,AW,TUB,56,POST_FLOW,P
9,AW,TUB,40,FRUIT_DEV,P
9,AW,TUB,32,POST_FLOW,S
9,EB,INC,110,FRUIT_DEV,I
9,EB,INC,98,FRUIT_DEV,I
9,EB,INC,100,POST_FLOW,N
9,EB,SYR,73,VEG,I
9,EB,SYR,33,VEG,I
9,EB,SYR,25,VEG,I
9,EB,SYR,39,VEG,S
9,EB,SYR,50,VEG,I
9,EB,TUB,45,POST_FLOW,P
9,EB,TUB,45,FRUIT_DEV,N
9,EB,TUB,37,FLOWERING,N
9,EB,TUB,41,FRUIT_DEV,N
9,EB,TUB,44,FLOW_DEV,I
9,HS,INC,46,VEG,S
9,HS,SYR,25,VEG,S
9,HS,SYR,127,FRUIT_DEV,N
9,HS,SYR,62,VEG,S
9,HS,SYR,56,VEG,S
9,HS,SYR,68,VEG,S
9,HS,TUB,29,FRUIT_DEV,I
9,HS,TUB,37,FRUIT_DEV,N
9,HS,TUB,38,FRUIT_DEV,I
9,HS,TUB,28,FLOWERING,P
9,HS,TUB,21,FLOWERING,P
9,JY,INC,122,FRUIT_DEV,N
9,JY,INC,99,FRUIT_DEV,I
9,JY,INC,94,FRUIT_DEV,I
9,JY,INC,84,FRUIT_DEV,I
9,JY,INC,107,FRUIT_DEV,N
9,JY,SYR,64,VEG,N
9,JY,SYR,148,FRUIT_DEV,I
9,JY,SYR,155,FRUIT_DEV,N
9,JY,SYR,133,FRUIT_DEV,N
9,JY,SYR,74,VEG,I
9,JY,TUB,76,POST_FLOW,N
9,JY,TUB,65,FRUIT_DEV,N
9,JY,TUB,52,VEG,N
9,JY,TUB,64,FRUIT_DEV,N
9,JY,TUB,54,FLOWERING,N
9,LP,INC,80,FRUIT_DEV,S
9,LP,INC,109,FRUIT_DEV,I
9,LP,INC,103,FRUIT_DEV,N
9,LP,INC,65,FRUIT_DEV,I
9,LP,INC,97,FRUIT_DEV,I
9,LP,SYR,78,VEG,I
9,LP,SYR,98,FRUIT_DEV,N
9,LP,SYR,38,VEG,N
9,LP,SYR,35,VEG,N
9,LP,SYR,109,FRUIT_DEV,I
9,LP,TUB,38,VEG,N
9,SH,INC,60,FLOWERING,I
9,SH,INC,80,FRUIT_DEV,I
9,SH,INC,63,VEG,N
9,SH,INC,61,VEG,I
9,SH,INC,79,FLOWERING,I
9,SH,SYR,30,VEG,N
9,SH,SYR,51,VEG,N
9,SH,SYR,60,VEG,I
9,SH,SYR,46,VEG,N
9,SH,SYR,25,VEG,N
9,SH,TUB,42,FLOW_DEV,I
9,SH,TUB,48,VEG,N
9,SH,TUB,20,FLOWERING,N
9,SH,TUB,22,VEG,N
9,SH,TUB,21,VEG,N
9,ST,INC,109,FRUIT_DEV,N
9,ST,INC,139,FRUIT_DEV,I
9,ST,INC,89,FRUIT_DEV,N
9,ST,INC,128,FRUIT_DEV,N
9,ST,INC,75,FRUIT_DEV,N
9,ST,SYR,101,POST_FLOW,I
9,ST,SYR,126,FRUIT_DEV,N
9,ST,SYR,150,FRUIT_DEV,N
9,ST,SYR,142,FRUIT_DEV,I
9,ST,SYR,83,FRUIT_DEV,N
9,ST,TUB,40,POST_FLOW,P
9,ST,TUB,42,POST_FLOW,N
9,ST,TUB,50,FLOWERING,N
9,ST,TUB,44,VEG,N
9,ST,TUB,50,FLOW_DEV,N
9,WE,SYR,18,VEG,I
9,WE,SYR,19,VEG,N
9,WE,SYR,19,VEG,N
9,WE,SYR,85,VEG,N
9,WE,SYR,151,VEG,I
9,WE,TUB,67,FRUIT_DEV,N
9,WE,TUB,78,FRUIT_DEV,N
9,WE,TUB,55,POST_FLOW,N
9,WE,TUB,58,POST_FLOW,N
9,WE,TUB,68,POST_FLOW,N
10,AB,INC,75,VEG,I
10,AB,INC,56,VEG,I
10,AB,INC,135,FRUIT_DEV,I
10,AB,INC,154,FRUIT_DEV,N
10,AB,INC,145,FRUIT_DEV,N
10,AB,SYR,76,FRUIT_DEV,I
10,AB,SYR,80,VEG,N
10,AB,SYR,115,VEG,N
10,AB,SYR,52,VEG,N
10,AB,SYR,164,FRUIT_DEV,N
10,AB,TUB,77,FRUIT_DEV,N
10,AB,TUB,44,VEG,N
10,AB,TUB,33,FRUIT_DEV,N
10,AB,TUB,40,FRUIT_DEV,N
10,AB,TUB,57,FRUIT_DEV,N
10,AN,INC,67,VEG,N
10,AN,INC,71,VEG,N
10,AN,INC,96,FRUIT_DEV,N
10,AN,INC,98,FRUIT_DEV,N
10,AN,INC,42,VEG,N
10,AN,SYR,52,VEG,N
10,AN,SYR,49,VEG,N
10,AN,SYR,42,VEG,N
10,AN,SYR,121,FRUIT_DEV,N
10,AN,SYR,71,VEG,I
10,AN,TUB,44,FRUIT_DEV,N
10,AN,TUB,50,FRUIT_DEV,N
10,AN,TUB,50,FRUIT_DEV,N
10,AN,TUB,50,POST_FLOW,N
10,AN,TUB,41,POST_FLOW,N
10,AW,INC,129,FRUIT_DEV,S
10,AW,INC,123,FRUIT_DEV,N
10,AW,INC,110,FRUIT_DEV,N
10,AW,INC,126,FRUIT_DEV,N
10,AW,INC,94,VEG,N
10,AW,SYR,145,FRUIT_DEV,I
10,AW,SYR,130,FRUIT_DEV,I
10,AW,SYR,120,FRUIT_DEV,I
10,AW,SYR,85,VEG,N
10,AW,SYR,83,FRUIT_DEV,N
10,AW,TUB,40,FRUIT_DEV,N
10,AW,TUB,34,POST_FLOW,N
10,AW,TUB,36,FLOWERING,N
10,AW,TUB,38,POST_FLOW,N
10,AW,TUB,40,FLOWERING,N
10,EB,INC,110,FRUIT_DEV,I
10,EB,INC,114,FRUIT_DEV,I
10,EB,INC,104,FRUIT_DEV,N
10,EB,SYR,32,VEG,N
10,EB,SYR,26,VEG,N
10,EB,SYR,82,VEG,N
10,EB,SYR,75,VEG,N
10,EB,SYR,50,VEG,I
10,EB,TUB,58,FRUIT_DEV,N
10,EB,TUB,50,FRUIT_DEV,N
10,EB,TUB,45,FRUIT_DEV,P
10,EB,TUB,40,FRUIT_DEV,N
10,EB,TUB,37,POST_FLOW,N
10,HS,INC,56,VEG,I
10,HS,SYR,116,FRUIT_DEV,N
10,HS,SYR,48,VEG,N
10,HS,SYR,31,VEG,I
10,HS,SYR,65,VEG,N
10,HS,SYR,57,VEG,I
10,HS,TUB,22,FRUIT_DEV,N
10,HS,TUB,32,FRUIT_DEV,N
10,HS,TUB,40,FRUIT_DEV,N
10,HS,TUB,31,VEG,I
10,HS,TUB,34,FRUIT_DEV,N
10,JY,INC,102,FRUIT_DEV,S
10,JY,INC,111,FRUIT_MAT,N
10,JY,INC,110,FRUIT_MAT,N
10,JY,INC,73,VEG,I
10,JY,INC,84,VEG,I
10,JY,SYR,157,FRUIT_DEV,S
10,JY,SYR,160,FRUIT_DEV,N
10,JY,SYR,80,VEG,N
10,JY,SYR,138,FRUIT_DEV,N
10,JY,SYR,68,VEG,N
10,JY,TUB,30,POST_FLOW,N
10,JY,TUB,59,FRUIT_DEV,N
10,JY,TUB,34,POST_FLOW,S
10,JY,TUB,68,POST_FLOW,N
10,JY,TUB,71,FRUIT_DEV,P
10,LP,INC,95,FRUIT_DEV,I
10,LP,INC,88,FRUIT_DEV,I
10,LP,INC,98,FRUIT_DEV,I
10,LP,INC,102,FRUIT_DEV,N
10,LP,INC,105,FRUIT_DEV,I
10,LP,SYR,68,VEG,N
10,LP,SYR,70,VEG,I
10,LP,SYR,46,VEG,I
10,LP,SYR,50,VEG,N
10,LP,SYR,64,VEG,I
10,LP,TUB,28,VEG,N
10,ST,INC,107,FRUIT_DEV,N
10,ST,INC,114,FRUIT_DEV,N
10,ST,INC,123,FRUIT_DEV,N
10,ST,INC,140,FRUIT_DEV,N
10,ST,INC,115,FRUIT_DEV,N
10,ST,SYR,114,VEG,P
10,ST,SYR,60,VEG,N
10,ST,SYR,61,VEG,N
10,ST,SYR,115,POST_FLOW,N
10,ST,SYR,154,POST_FLOW,N
10,ST,TUB,49,VEG,N
10,ST,TUB,53,VEG,N
10,ST,TUB,53,VEG,N
10,ST,TUB,52,VEG,N
10,ST,TUB,50,POST_FLOW,N
10,WE,SYR,19,VEG,I
10,WE,SYR,17,VEG,N
10,WE,SYR,23,VEG,I
10,WE,SYR,156,FRUIT_DEV,N
10,WE,SYR,67,VEG,N
10,WE,TUB,66,POST_FLOW,N
10,WE,TUB,72,POST_FLOW,N
10,WE,TUB,65,FRUIT_DEV,N
10,WE,TUB,83,FRUIT_DEV,N
10,WE,TUB,74,FRUIT_DEV,N
11,AB,INC,150,FRUIT_DEV,N
11,AB,INC,98,POST_FLOW,I
11,AB,INC,144,FRUIT_DEV,N
11,AB,INC,152,FRUIT_DEV,N
11,AB,INC,NA,FRUIT_DEV,I
11,AB,SYR,117,VEG,N
11,AB,SYR,84,FRUIT_DEV,I
11,AB,SYR,89,VEG,N
11,AB,SYR,136,FRUIT_DEV,N
11,AB,SYR,136,FRUIT_DEV,N
11,AB,TUB,78,FRUIT_DEV,N
11,AB,TUB,56,POST_FLOW,N
11,AB,TUB,60,FRUIT_DEV,N
11,AB,TUB,53,FRUIT_DEV,N
11,AB,TUB,55,FRUIT_DEV,N
11,AN,INC,71,VEG,N
11,AN,INC,64,VEG,N
11,AN,INC,72,FRUIT_DEV,N
11,AN,INC,39,VEG,N
11,AN,INC,91,FRUIT_DEV,N
11,AN,SYR,60,FRUIT_DEV,N
11,AN,SYR,84,FRUIT_DEV,N
11,AN,SYR,65,VEG,N
11,AN,SYR,70,VEG,N
11,AN,SYR,81,VEG,N
11,AN,TUB,50,FRUIT_DEV,N
11,AN,TUB,42,POST_FLOW,N
11,AN,TUB,53,FRUIT_DEV,N
11,AN,TUB,51,POST_FLOW,P
11,AN,TUB,44,POST_FLOW,P
11,AW,INC,73,VEG,N
11,AW,INC,121,FRUIT_DEV,N
11,AW,INC,128,FRUIT_DEV,N
11,AW,INC,122,FRUIT_DEV,N
11,AW,INC,111,FRUIT_DEV,N
11,AW,SYR,147,FRUIT_DEV,I
11,AW,SYR,161,FRUIT_DEV,N
11,AW,SYR,103,FRUIT_DEV,I
11,AW,SYR,63,VEG,I
11,AW,SYR,88,FRUIT_DEV,N
11,AW,TUB,44,FRUIT_DEV,N
11,AW,TUB,18,VEG,N
11,AW,TUB,24,VEG,N
11,AW,TUB,36,POST_FLOW,N
11,AW,TUB,42,FRUIT_DEV,N
11,EB,INC,110,FRUIT_DEV,N
11,EB,INC,115,FRUIT_DEV,N
11,EB,INC,103,FRUIT_DEV,N
11,EB,SYR,117,VEG,P
11,EB,SYR,34,VEG,N
11,EB,SYR,77,VEG,N
11,EB,SYR,26,VEG,N
11,EB,SYR,23,VEG,N
11,EB,TUB,53,FRUIT_DEV,N
11,EB,TUB,57,FRUIT_DEV,N
11,EB,TUB,50,FRUIT_DEV,N
11,EB,TUB,39,FRUIT_DEV,N
11,EB,TUB,42,POST_FLOW,N
11,HS,INC,52,VEG,N
11,HS,SYR,74,VEG,I
11,HS,SYR,69,VEG,P
11,HS,SYR,57,VEG,N
11,HS,SYR,124,FRUIT_DEV,N
11,HS,SYR,117,FRUIT_DEV,N
11,HS,TUB,39,FRUIT_DEV,I
11,HS,TUB,31,FRUIT_DEV,N
11,HS,TUB,38,FRUIT_DEV,N
11,HS,TUB,47,FRUIT_DEV,N
11,HS,TUB,27,FRUIT_DEV,N
11,JY,INC,106,FRUIT_DEV,N
11,JY,INC,115,FRUIT_DEV,N
11,JY,INC,102,FRUIT_DEV,N
11,JY,INC,81,FRUIT_DEV,N
11,JY,INC,111,FRUIT_DEV,N
11,JY,SYR,163,FRUIT_DEV,N
11,JY,SYR,153,FRUIT_DEV,I
11,JY,SYR,139,FRUIT_DEV,N
11,JY,SYR,68,VEG,I
11,JY,SYR,155,FRUIT_DEV,N
11,JY,TUB,35,POST_FLOW,N
11,JY,TUB,51,FRUIT_DEV,S
11,JY,TUB,43,FRUIT_DEV,N
11,JY,TUB,72,POST_FLOW,N
11,JY,TUB,70,FRUIT_DEV,N
11,LP,INC,115,FRUIT_DEV,I
11,LP,INC,88,FRUIT_DEV,N
11,LP,INC,102,FRUIT_DEV,I
11,LP,INC,96,FRUIT_DEV,I
11,LP,INC,102,FRUIT_DEV,I
11,LP,SYR,65,VEG,N
11,LP,SYR,33,VEG,N
11,LP,SYR,111,FRUIT_DEV,N
11,LP,SYR,89,FRUIT_DEV,N
11,LP,SYR,67,VEG,N
11,LP,TUB,27,VEG,S
11,SH,INC,90,FRUIT_DEV,N
11,SH,INC,80,VEG,N
11,SH,INC,81,FRUIT_DEV,N
11,SH,INC,90,FRUIT_DEV,N
11,SH,INC,70,FRUIT_DEV,N
11,SH,SYR,40,VEG,N
11,SH,SYR,42,VEG,I
11,SH,SYR,31,VEG,I
11,SH,SYR,32,VEG,N
11,SH,SYR,84,VEG,N
11,SH,TUB,57,VEG,N
11,SH,TUB,43,VEG,N
11,SH,TUB,48,VEG,N
11,SH,TUB,51,VEG,N
11,SH,TUB,21,VEG,N
11,ST,INC,127,FRUIT_DEV,N
11,ST,INC,129,FRUIT_DEV,N
11,ST,INC,76,VEG,N
11,ST,INC,135,FRUIT_DEV,N
11,ST,INC,111,FRUIT_DEV,I
11,ST,SYR,128,FRUIT_DEV,N
11,ST,SYR,97,FRUIT_DEV,N
11,ST,SYR,107,POST_FLOW,N
11,ST,SYR,95,VEG,N
11,ST,SYR,60,VEG,N
11,ST,TUB,53,VEG,N
11,ST,TUB,48,VEG,N
11,ST,TUB,46,VEG,N
11,ST,TUB,50,VEG,N
11,ST,TUB,52,VEG,N
11,WE,SYR,17,VEG,N
11,WE,SYR,23,VEG,I
11,WE,SYR,31,VEG,N
11,WE,SYR,173,FRUIT_DEV,I
11,WE,SYR,160,FRUIT_DEV,N
11,WE,TUB,73,POST_FLOW,N
11,WE,TUB,76,POST_FLOW,N
11,WE,TUB,75,POST_FLOW,N
11,WE,TUB,54,FRUIT_DEV,N
11,WE,TUB,62,FRUIT_DEV,N
12,AB,INC,157,FRUIT_DEV,N
12,AB,INC,134,FRUIT_DEV,N
12,AB,INC,112,VEG,N
12,AB,INC,155,FRUIT_DEV,N
12,AB,INC,145,FRUIT_DEV,N
12,AB,SYR,117,VEG,N
12,AB,SYR,125,VEG,N
12,AB,SYR,75,FRUIT_DEV,N
12,AB,SYR,134,FRUIT_DEV,N
12,AB,SYR,142,FRUIT_DEV,N
12,AB,TUB,65,FRUIT_DEV,N
12,AB,TUB,80,FRUIT_DEV,N
12,AB,TUB,60,FRUIT_DEV,N
12,AB,TUB,56,FRUIT_DEV,N
12,AB,TUB,67,FRUIT_DEV,N
12,AN,INC,68,VEG,N
12,AN,INC,89,FRUIT_DEV,N
12,AN,INC,60,VEG,N
12,AN,INC,77,FRUIT_DEV,N
12,AN,INC,45,VEG,N
12,AN,SYR,84,FRUIT_DEV,N
12,AN,SYR,86,POST_FLOW,N
12,AN,SYR,68,VEG,N
12,AN,SYR,57,VEG,N
12,AN,SYR,100,FRUIT_DEV,N
12,AN,TUB,54,POST_FLOW,N
12,AN,TUB,48,FRUIT_DEV,N
12,AN,TUB,51,FRUIT_DEV,N
12,AN,TUB,40,POST_FLOW,N
12,AN,TUB,40,VEG,N
12,AW,INC,138,FRUIT_DEV,N
12,AW,INC,92,VEG,N
12,AW,INC,121,FRUIT_DEV,N
12,AW,INC,108,FRUIT_DEV,N
12,AW,INC,103,FRUIT_DEV,N
12,AW,SYR,140,FRUIT_DEV,I
12,AW,SYR,94,FRUIT_DEV,N
12,AW,SYR,147,FRUIT_DEV,N
12,AW,SYR,137,FRUIT_DEV,N
12,AW,SYR,100,FRUIT_DEV,I
12,AW,TUB,36,POST_FLOW,N
12,AW,TUB,4,FRUIT_DEV,N
12,AW,TUB,32,POST_FLOW,N
12,AW,TUB,14,VEG,N
12,AW,TUB,35,POST_FLOW,N
12,EB,INC,109,FRUIT_DEV,S
12,EB,INC,104,FRUIT_DEV,N
12,EB,INC,107,FRUIT_DEV,N
12,EB,SYR,25,VEG,N
12,EB,SYR,34,VEG,N
12,EB,SYR,80,VEG,N
12,EB,SYR,75,VEG,N
12,EB,SYR,38,VEG,N
12,EB,TUB,47,FRUIT_DEV,N
12,EB,TUB,55,FRUIT_DEV,N
12,EB,TUB,46,FRUIT_DEV,N
12,EB,TUB,46,VEG,N
12,EB,TUB,43,POST_FLOW,S
12,HS,INC,56,VEG,I
12,HS,SYR,151,FRUIT_DEV,N
12,HS,SYR,36,VEG,N
12,HS,SYR,128,FRUIT_DEV,N
12,HS,SYR,62,VEG,N
12,HS,SYR,122,FRUIT_DEV,N
12,HS,TUB,41,FRUIT_DEV,N
12,HS,TUB,33,FRUIT_DEV,N
12,HS,TUB,38,FLOWERING,N
12,HS,TUB,53,FRUIT_DEV,N
12,HS,TUB,21,POST_FLOW,N
12,JY,INC,93,FRUIT_MAT,P
12,JY,INC,105,FRUIT_MAT,N
12,JY,INC,121,FRUIT_MAT,N
12,JY,INC,114,FRUIT_MAT,N
12,JY,INC,73,VEG,N
12,JY,SYR,137,FRUIT_DEV,N
12,JY,SYR,153,FRUIT_DEV,N
12,JY,SYR,157,FRUIT_DEV,N
12,JY,SYR,129,FRUIT_DEV,N
12,JY,SYR,NA,FRUIT_DEV,N
12,JY,TUB,66,POST_FLOW,N
12,JY,TUB,76,POST_FLOW,N
12,JY,TUB,69,FRUIT_DEV,N
12,JY,TUB,50,VEG,N
12,JY,TUB,53,FRUIT_DEV,N
12,LP,INC,116,FRUIT_DEV,N
12,LP,INC,109,FRUIT_DEV,I
12,LP,INC,97,FRUIT_DEV,N
12,LP,INC,98,FRUIT_DEV,I
12,LP,INC,111,FRUIT_DEV,N
12,LP,SYR,46,VEG,N
12,LP,SYR,52,VEG,N
12,LP,SYR,95,FRUIT_DEV,P
12,LP,SYR,99,VEG,N
12,LP,SYR,74,VEG,N
12,LP,TUB,29,VEG,N
12,SH,INC,76,VEG,I
12,SH,INC,45,FRUIT_DEV,N
12,SH,INC,93,FRUIT_DEV,N
12,SH,INC,81,FRUIT_DEV,N
12,SH,INC,80,FRUIT_DEV,N
12,SH,SYR,80,VEG,N
12,SH,SYR,44,VEG,I
12,SH,SYR,53,VEG,I
12,SH,SYR,61,VEG,I
12,SH,SYR,68,VEG,P
12,SH,TUB,66,VEG,N
12,SH,TUB,60,VEG,P
12,SH,TUB,34,VEG,S
12,SH,TUB,68,VEG,S
12,SH,TUB,37,VEG,N
12,ST,INC,140,FRUIT_DEV,N
12,ST,INC,99,FRUIT_DEV,N
12,ST,INC,129,FRUIT_MAT,N
12,ST,INC,143,FRUIT_MAT,N
12,ST,INC,141,FRUIT_MAT,N
12,ST,SYR,127,FRUIT_DEV,N
12,ST,SYR,121,POST_FLOW,N
12,ST,SYR,145,FRUIT_DEV,N
12,ST,SYR,145,FRUIT_DEV,N
12,ST,SYR,132,FRUIT_DEV,N
12,ST,TUB,53,VEG,N
12,ST,TUB,49,VEG,N
12,ST,TUB,52,VEG,N
12,ST,TUB,51,VEG,N
12,ST,TUB,57,VEG,N
12,WE,SYR,24,VEG,N
12,WE,SYR,96,FRUIT_DEV,N
12,WE,SYR,127,VEG,N
12,WE,SYR,145,FRUIT_DEV,N
12,WE,SYR,148,VEG,N
12,WE,TUB,55,FRUIT_DEV,N
12,WE,TUB,50,FRUIT_DEV,N
12,WE,TUB,50,POST_FLOW,N
12,WE,TUB,54,FRUIT_DEV,N
12,WE,TUB,62,POST_FLOW,N
13,AB,INC,142,FRUIT_MAT,N
13,AB,INC,168,FRUIT_MAT,N
13,AB,INC,155,FRUIT_MAT,N
13,AB,INC,172,FRUIT_MAT,N
13,AB,INC,106,FRUIT_MAT,N
13,AB,SYR,117,VEG,N
13,AB,SYR,114,FRUIT_DEV,N
13,AB,SYR,114,FRUIT_DEV,N
13,AB,SYR,136,VEG,N
13,AB,SYR,167,FRUIT_DEV,N
13,AB,TUB,82,FRUIT_DEV,N
13,AB,TUB,82,FRUIT_DEV,N
13,AB,TUB,59,FRUIT_DEV,N
13,AB,TUB,74,FRUIT_DEV,N
13,AB,TUB,66,FRUIT_DEV,N
13,AN,INC,68,VEG,N
13,AN,INC,95,FRUIT_MAT,N
13,AN,INC,83,FRUIT_MAT,N
13,AN,INC,76,FRUIT_MAT,N
13,AN,INC,78,FRUIT_MAT,N
13,AN,SYR,48,VEG,N
13,AN,SYR,118,FRUIT_DEV,N
13,AN,SYR,87,VEG,N
13,AN,SYR,102,FRUIT_DEV,N
13,AN,SYR,55,VEG,N
13,AN,TUB,54,FRUIT_MAT,N
13,AN,TUB,42,POST_FLOW,N
13,AN,TUB,40,POST_FLOW,N
13,AN,TUB,38,POST_FLOW,N
13,AN,TUB,53,POST_FLOW,N
13,AW,INC,125,FRUIT_DEV,N
13,AW,INC,98,FRUIT_DEV,N
13,AW,INC,117,FRUIT_DEV,N
13,AW,INC,99,POST_FLOW,N
13,AW,INC,90,VEG,N
13,AW,SYR,145,FRUIT_DEV,N
13,AW,SYR,154,FRUIT_DEV,N
13,AW,SYR,138,FRUIT_DEV,N
13,AW,SYR,152,FRUIT_DEV,N
13,AW,SYR,133,FRUIT_DEV,N
13,AW,TUB,42,FRUIT_DEV,N
13,AW,TUB,34,POST_FLOW,N
13,AW,TUB,38,POST_FLOW,N
13,AW,TUB,42,FRUIT_DEV,N
13,AW,TUB,38,POST_FLOW,N
13,EB,INC,113,FRUIT_DEV,N
13,EB,INC,118,FRUIT_DEV,N
13,EB,INC,114,VEG,N
13,EB,SYR,78,VEG,N
13,EB,SYR,77,VEG,N
13,EB,SYR,117,VEG,N
13,EB,SYR,25,VEG,N
13,EB,SYR,21,VEG,N
13,EB,TUB,44,FRUIT_DEV,N
13,EB,TUB,46,FRUIT_MAT,N
13,EB,TUB,47,POST_FLOW,N
13,EB,TUB,43,POST_FLOW,S
13,EB,TUB,40,FRUIT_MAT,N
13,HS,INC,59,VEG,N
13,HS,SYR,157,FRUIT_DEV,N
13,HS,SYR,153,FRUIT_DEV,N
13,HS,SYR,152,FRUIT_DEV,N
13,HS,SYR,83,FRUIT_DEV,N
13,HS,SYR,71,VEG,P
13,HS,TUB,29,VEG,N
13,HS,TUB,27,FRUIT_DEV,P
13,HS,TUB,31,FRUIT_DEV,N
13,HS,TUB,64,FRUIT_DEV,N
13,HS,TUB,33,POST_FLOW,N
13,JY,INC,85,VEG,N
13,JY,INC,124,FRUIT_MAT,N
13,JY,INC,90,FRUIT_MAT,N
13,JY,INC,108,FRUIT_MAT,N
13,JY,INC,116,FRUIT_MAT,N
13,JY,SYR,147,FRUIT_DEV,N
13,JY,SYR,153,FRUIT_DEV,N
13,JY,SYR,163,FRUIT_DEV,N
13,JY,SYR,146,FRUIT_DEV,N
13,JY,SYR,156,FRUIT_DEV,N
13,JY,TUB,45,FRUIT_DEV,P
13,JY,TUB,19,POST_FLOW,S
13,JY,TUB,35,POST_FLOW,N
13,JY,TUB,56,FRUIT_DEV,N
13,JY,TUB,30,POST_FLOW,P
13,LP,INC,115,FRUIT_DEV,N
13,LP,INC,111,FRUIT_DEV,N
13,LP,INC,102,FRUIT_DEV,N
13,LP,INC,110,FRUIT_DEV,S
13,LP,INC,108,FRUIT_DEV,N
13,LP,SYR,72,VEG,N
13,LP,SYR,65,VEG,N
13,LP,SYR,95,FRUIT_DEV,N
13,LP,SYR,103,FRUIT_DEV,N
13,LP,SYR,51,VEG,S
13,LP,TUB,26,VEG,N
13,SH,INC,73,VEG,N
13,SH,INC,49,VEG,N
13,SH,INC,69,VEG,N
13,SH,INC,58,VEG,N
13,SH,INC,73,VEG,N
13,SH,SYR,34,VEG,N
13,SH,SYR,70,VEG,N
13,SH,SYR,81,VEG,N
13,SH,SYR,31,VEG,N
13,SH,SYR,35,VEG,N
13,SH,TUB,21,VEG,N
13,SH,TUB,33,VEG,N
13,SH,TUB,7,VEG,N
13,SH,TUB,19,VEG,N
13,SH,TUB,43,VEG,N
13,ST,INC,145,FRUIT_MAT,N
13,ST,INC,89,FRUIT_MAT,N
13,ST,INC,144,FRUIT_MAT,N
13,ST,INC,116,FRUIT_DEV,N
13,ST,INC,95,FRUIT_MAT,N
13,ST,SYR,128,VEG,N
13,ST,SYR,136,FRUIT_DEV,N
13,ST,SYR,72,POST_FLOW,N
13,ST,SYR,165,FRUIT_DEV,N
13,ST,SYR,66,VEG,N
13,ST,TUB,48,VEG,N
13,ST,TUB,51,VEG,N
13,WE,SYR,175,FRUIT_DEV,N
13,WE,SYR,24,VEG,N
13,WE,SYR,148,VEG,N
13,WE,SYR,147,VEG,N
13,WE,SYR,91,VEG,N
13,WE,TUB,72,POST_FLOW,N
13,WE,TUB,58,FRUIT_MAT,N
13,WE,TUB,59,POST_FLOW,N
13,WE,TUB,63,FRUIT_DEV,N
13,WE,TUB,69,FRUIT_DEV,N
